quantity,Gauge network mean,Gauge network sd,Gauge network n,Delay-only network mean,Delay-only network sd,Delay-only network n,Quenched transporters mean,Quenched transporters sd,Quenched transporters n
number of clusters,59.6,2.4083189157584592,5,28.8,2.3874672772626644,5,32.4,2.4083189157584592,5
fraction of composite units,0.7608,0.03336465195382685,5,0.1882,0.019639246421387965,5,0.2068,0.02312358103754694,5
ARI clusters vs hidden groups,0.15073896824431587,0.024391360086884167,5,0.17312278755228744,0.016128057126971344,5,0.15617020409193288,0.009477050361058333,5
cluster purity with respect to the hidden groups,0.9803190424269286,0.008384191513083854,5,1.0,0.0,5,1.0,0.0,5
clusters per hidden group,14.9,0.6020797289396148,5,7.2,0.5968668193156661,5,8.1,0.6020797289396148,5
raw cluster coherence R_raw,0.29082344500611745,0.027158549883200468,5,0.3465531594874151,0.03556667452817461,5,0.3569258169183901,0.046583585324879107,5
coverage-weighted transported coherence R_cov_coverage_weighted,0.9854900582725324,0.004776213195954888,5,0.7983435438545186,0.02096275672047523,5,0.7989500258294678,0.01937249138209888,5
transported coherence inside the largest component,0.9854900582725324,0.004776213195954888,5,0.7983435438545186,0.02096275672047523,5,0.7989500258294678,0.01937249138209888,5
largest-component fraction,1.0,0.0,5,1.0,0.0,5,1.0,0.0,5
strong components per candidate cluster,1.0,0.0,5,1.0,0.0,5,1.0,0.0,5
mean J/J0 within groups,0.9344202172704936,0.0069928444750730805,5,0.4527367239445149,0.007819463589855791,5,0.46048441704613763,0.012934664977992553,5
mean J/J0 between groups,0.040799308003341854,0.010887221650217818,5,0.018871684598447076,5.798985515775261e-05,5,0.018855801768656488,3.620889059318791e-05,5
median cycle-basis residual (rad),1.5099033134902129e-15,2.432376777795247e-16,5,0.7495062509003195,0.057128853874715696,5,0.6885295795606474,0.05177990054306065,5
95th percentile cycle-basis residual (rad),0.00015716280339774788,4.1792810148579043e-05,5,1.7063560420911217,0.1176779458328766,5,1.7020406061283109,0.06717945651138243,5
maximum cycle-basis residual (rad),0.006121971825303873,0.004587295345041746,5,2.8867859722924516,0.21757288265775257,5,2.751554316648485,0.3804069702140169,5
fraction of cycle constraints below tolerance,0.9997896191858455,0.0002882254005122628,5,0.00672828105413259,0.005063114804620743,5,0.008927775773062734,0.005371526645745268,5
fraction of candidate units in certified clusters,0.9759029686596092,0.040336540290671886,5,0.0,0.0,5,0.0,0.0,5
mean reciprocal two-cycle defect inside clusters (rad),1.4598800385299987e-06,3.2643909935422483e-06,5,1.2853564702508093,0.017376441422156053,5,1.3031162039981818,0.06023920767485745,5
final s.d. of omega within groups,0.1985864161710035,0.03623099825092951,5,0.20233408027927463,0.010887451171465909,5,0.19447649161088432,0.009094630552374887,5
final s.d. of omega within clusters,0.01923446300781103,0.0018281299550991872,5,0.008164980899392087,0.00042500112610731783,5,0.008025215147239598,0.000766077095297605,5
s.d. of cluster-mean omega inside a group,0.29648266198840156,0.05917888448542388,5,0.15373253849271476,0.03410320019036283,5,0.1732379221647392,0.027300611170046736,5
transporter drift inside clusters (rad per unit time),0.003778255743054222,0.0004682395510794188,5,0.0,0.0,5,0.0,0.0,5
